{"PartiallyConstructedPieces":[],"CompletedBasePieceHistory":[{"Id":"3869ce58-acd6-43c5-a210-cc15b2e3fcc6","ItemPosition":{"X":242.620377,"Y":-69.60303,"Z":69.55605},"Rotation":{"X":0.0,"Y":0.930496335,"Z":0.0,"W":-0.366301268},"TechType":"BaseCorridorX","ParentId":{"value":"9c3d87a8-4f08-45af-b00c-ee8bb7148649"},"CameraPosition":{"X":237.732468,"Y":-66.05531,"Z":64.3099},"CameraRotation":{"X":0.211887717,"Y":0.356677771,"Z":-0.0834121853,"W":0.9060502},"ConstructionAmount":1.0,"ConstructionCompleted":true,"IsFurniture":false,"BaseId":"9c3d87a8-4f08-45af-b00c-ee8bb7148649","RotationMetadata":{"value":{"$type":"NitroxModel_Subnautica.DataStructures.GameLogic.Buildings.Rotation.Metadata.CorridorBuilderMetadata, NitroxModel-Subnautica","Rotation":0,"Position":{"X":242.620377,"Y":-69.60303,"Z":69.55605},"HasTargetBase":false,"Cell":{"X":0,"Y":0,"Z":0}}},"Metadata":{"value":null},"BuildIndex":2},{"Id":"aa764882-0b4a-4641-916b-3034e8f4d9d7","ItemPosition":{"X":242.620377,"Y":-69.60303,"Z":69.55605},"Rotation":{"X":0.0,"Y":0.930496335,"Z":0.0,"W":-0.366301268},"TechType":"BaseHatch","ParentId":{"value":"9c3d87a8-4f08-45af-b00c-ee8bb7148649"},"CameraPosition":{"X":236.087555,"Y":-62.9635735,"Z":67.20721},"CameraRotation":{"X":0.302866876,"Y":0.622136235,"Z":-0.283852279,"W":0.663811743},"ConstructionAmount":1.0,"ConstructionCompleted":true,"IsFurniture":false,"BaseId":"9c3d87a8-4f08-45af-b00c-ee8bb7148649","RotationMetadata":{"value":{"$type":"NitroxModel_Subnautica.DataStructures.GameLogic.Buildings.Rotation.Metadata.AnchoredFaceBuilderMetadata, NitroxModel-Subnautica","Cell":{"X":0,"Y":0,"Z":0},"Direction":0,"FaceType":3,"Anchor":{"X":0,"Y":0,"Z":0}}},"Metadata":{"value":null},"BuildIndex":3},{"Id":"4f01fd56-3a59-4a05-9ded-6803eab1e442","ItemPosition":{"X":242.776352,"Y":-67.67854,"Z":69.65217},"Rotation":{"X":-1.31625386E-08,"Y":0.923126,"Z":-3.160144E-08,"W":-0.3844977},"TechType":"SolarPanel","ParentId":{"value":"9c3d87a8-4f08-45af-b00c-ee8bb7148649"},"CameraPosition":{"X":240.5346,"Y":-66.31039,"Z":67.3744354},"CameraRotation":{"X":0.234834418,"Y":0.371848315,"Z":-0.0978125259,"W":0.892756641},"ConstructionAmount":1.0,"ConstructionCompleted":true,"IsFurniture":true,"BaseId":null,"RotationMetadata":{"value":null},"Metadata":{"value":null},"BuildIndex":4},{"Id":"3527b794-8d6b-4f42-b5a5-51bd5c3330e0","ItemPosition":{"X":240.601654,"Y":-69.47613,"Z":69.9794159},"Rotation":{"X":0.0,"Y":0.366301239,"Z":0.0,"W":0.930496335},"TechType":"SmallLocker","ParentId":{"value":"9c3d87a8-4f08-45af-b00c-ee8bb7148649"},"CameraPosition":{"X":242.664474,"Y":-68.98509,"Z":70.60957},"CameraRotation":{"X":-0.06644347,"Y":0.7987606,"Z":-0.08977192,"W":-0.5911919},"ConstructionAmount":1.0,"ConstructionCompleted":true,"IsFurniture":true,"BaseId":null,"RotationMetadata":{"value":null},"Metadata":{"value":{"$type":"NitroxModel.DataStructures.GameLogic.Buildings.Metadata.SignMetadata, NitroxModel","Text":"SKÅP","ColorIndex":0,"ScaleIndex":0,"Elements":[],"Background":false}},"BuildIndex":5},{"Id":"2dbd7069-fe47-4834-865e-1ddf7ff8a05e","ItemPosition":{"X":242.066864,"Y":-69.45424,"Z":71.563446},"Rotation":{"X":0.0,"Y":0.930496335,"Z":0.0,"W":-0.366301239},"TechType":"SmallLocker","ParentId":{"value":"9c3d87a8-4f08-45af-b00c-ee8bb7148649"},"CameraPosition":{"X":242.228775,"Y":-68.96186,"Z":69.0676956},"CameraRotation":{"X":-0.09698923,"Y":0.0322334245,"Z":-0.00314276828,"W":-0.994758368},"ConstructionAmount":1.0,"ConstructionCompleted":true,"IsFurniture":true,"BaseId":null,"RotationMetadata":{"value":null},"Metadata":{"value":{"$type":"NitroxModel.DataStructures.GameLogic.Buildings.Metadata.SignMetadata, NitroxModel","Text":"SKÅP","ColorIndex":0,"ScaleIndex":0,"Elements":[],"Background":false}},"BuildIndex":6},{"Id":"54b03738-90a9-42ae-935f-39192d0abcde","ItemPosition":{"X":244.708832,"Y":-69.31463,"Z":70.16724},"Rotation":{"X":0.0,"Y":-0.398946136,"Z":0.0,"W":0.916974366},"TechType":"Fabricator","ParentId":{"value":"9c3d87a8-4f08-45af-b00c-ee8bb7148649"},"CameraPosition":{"X":242.54216,"Y":-68.96668,"Z":70.06081},"CameraRotation":{"X":0.0575323552,"Y":0.687363565,"Z":-0.05477567,"W":0.7219564},"ConstructionAmount":1.0,"ConstructionCompleted":true,"IsFurniture":true,"BaseId":null,"RotationMetadata":{"value":null},"Metadata":{"value":null},"BuildIndex":7},{"Id":"25eeaf61-c023-460d-9408-6ced9bfcc42a","ItemPosition":{"X":256.503876,"Y":-69.60303,"Z":77.122345},"Rotation":{"X":0.0,"Y":0.930496335,"Z":0.0,"W":-0.366301268},"TechType":"BaseMapRoom","ParentId":{"value":"9c3d87a8-4f08-45af-b00c-ee8bb7148649"},"CameraPosition":{"X":248.965424,"Y":-63.1377335,"Z":67.7479553},"CameraRotation":{"X":-0.3183364,"Y":0.00346220331,"Z":-0.00116275391,"W":-0.9479708},"ConstructionAmount":1.0,"ConstructionCompleted":true,"IsFurniture":false,"BaseId":"9c3d87a8-4f08-45af-b00c-ee8bb7148649","RotationMetadata":{"value":{"$type":"NitroxModel_Subnautica.DataStructures.GameLogic.Buildings.Rotation.Metadata.MapRoomBuilderMetadata, NitroxModel-Subnautica","CellType":9,"ConnectionMask":3}},"Metadata":{"value":null},"BuildIndex":18},{"Id":"e482aff0-5c5d-40f2-9e88-fc3a0fd5e538","ItemPosition":{"X":246.27861,"Y":-69.60303,"Z":66.14763},"Rotation":{"X":0.0,"Y":0.930496335,"Z":0.0,"W":-0.366301268},"TechType":"BaseCorridorGlassI","ParentId":{"value":"9c3d87a8-4f08-45af-b00c-ee8bb7148649"},"CameraPosition":{"X":241.919983,"Y":-68.96054,"Z":69.8617554},"CameraRotation":{"X":0.04430028,"Y":0.895914733,"Z":-0.09179364,"W":0.432375044},"ConstructionAmount":1.0,"ConstructionCompleted":true,"IsFurniture":false,"BaseId":"9c3d87a8-4f08-45af-b00c-ee8bb7148649","RotationMetadata":{"value":{"$type":"NitroxModel_Subnautica.DataStructures.GameLogic.Buildings.Rotation.Metadata.CorridorBuilderMetadata, NitroxModel-Subnautica","Rotation":1,"Position":{"X":246.27861,"Y":-69.60303,"Z":66.14763},"HasTargetBase":true,"Cell":{"X":0,"Y":0,"Z":3}}},"Metadata":{"value":null},"BuildIndex":22},{"Id":"dbaaeef1-786f-44b1-9141-22b69ab6885e","ItemPosition":{"X":245.520065,"Y":-69.33842,"Z":70.97471},"Rotation":{"X":0.0,"Y":-0.398946166,"Z":0.0,"W":0.916974366},"TechType":"Fabricator","ParentId":{"value":"9c3d87a8-4f08-45af-b00c-ee8bb7148649"},"CameraPosition":{"X":244.35112,"Y":-69.01672,"Z":72.11645},"CameraRotation":{"X":0.0376628563,"Y":0.9172609,"Z":-0.0894332,"W":0.3862845},"ConstructionAmount":1.0,"ConstructionCompleted":true,"IsFurniture":true,"BaseId":null,"RotationMetadata":{"value":null},"Metadata":{"value":null},"BuildIndex":23},{"Id":"3bc235fd-b564-428d-8dc0-31997f80e2ba","ItemPosition":{"X":246.255264,"Y":-70.99274,"Z":76.0628357},"Rotation":{"X":0.0,"Y":0.7409535,"Z":0.0,"W":0.671556354},"TechType":"Locker","ParentId":{"value":"9c3d87a8-4f08-45af-b00c-ee8bb7148649"},"CameraPosition":{"X":248.2191,"Y":-69.26673,"Z":75.8694},"CameraRotation":{"X":-0.2605467,"Y":0.628668368,"Z":-0.236144125,"W":-0.6936335},"ConstructionAmount":1.0,"ConstructionCompleted":true,"IsFurniture":true,"BaseId":null,"RotationMetadata":{"value":null},"Metadata":{"value":null},"BuildIndex":24},{"Id":"b63b82ce-ea4c-4f84-b3a0-b1054f0de8c1","ItemPosition":{"X":244.1711,"Y":-67.7033157,"Z":71.1913147},"Rotation":{"X":-6.184672E-08,"Y":0.9325476,"Z":-1.59743777E-07,"W":-0.361047},"TechType":"SolarPanel","ParentId":{"value":"9c3d87a8-4f08-45af-b00c-ee8bb7148649"},"CameraPosition":{"X":243.277618,"Y":-64.45402,"Z":70.15397},"CameraRotation":{"X":0.5324683,"Y":0.296405822,"Z":-0.206151232,"W":0.7655865},"ConstructionAmount":1.0,"ConstructionCompleted":true,"IsFurniture":true,"BaseId":null,"RotationMetadata":{"value":null},"Metadata":{"value":null},"BuildIndex":25},{"Id":"3b148f7f-936a-48e4-aed5-c310ecbc3590","ItemPosition":{"X":243.480789,"Y":-69.6020355,"Z":67.246315},"Rotation":{"X":0.0,"Y":0.366301239,"Z":0.0,"W":0.930496335},"TechType":"BatteryCharger","ParentId":{"value":"9c3d87a8-4f08-45af-b00c-ee8bb7148649"},"CameraPosition":{"X":244.902481,"Y":-69.00465,"Z":68.6624146},"CameraRotation":{"X":-0.0158631075,"Y":0.922712266,"Z":-0.03819053,"W":-0.38326478},"ConstructionAmount":1.0,"ConstructionCompleted":true,"IsFurniture":true,"BaseId":null,"RotationMetadata":{"value":null},"Metadata":{"value":null},"BuildIndex":28},{"Id":"00732e86-8d88-4ac2-8c4c-08217082ba90","ItemPosition":{"X":249.590836,"Y":-69.86633,"Z":73.32016},"Rotation":{"X":0.0,"Y":-0.151075527,"Z":0.0,"W":0.988522232},"TechType":"SmallLocker","ParentId":{"value":"9c3d87a8-4f08-45af-b00c-ee8bb7148649"},"CameraPosition":{"X":248.167526,"Y":-69.31642,"Z":75.0896454},"CameraRotation":{"X":0.0393767878,"Y":0.9365411,"Z":-0.111779347,"W":0.329917639},"ConstructionAmount":1.0,"ConstructionCompleted":true,"IsFurniture":true,"BaseId":null,"RotationMetadata":{"value":null},"Metadata":{"value":null},"BuildIndex":29},{"Id":"5b5e1bad-dfd6-404c-89e0-c387683d7266","ItemPosition":{"X":249.93309,"Y":-70.99274,"Z":80.09116},"Rotation":{"X":0.0,"Y":0.995375752,"Z":0.0,"W":0.09605848},"TechType":"Locker","ParentId":{"value":"9c3d87a8-4f08-45af-b00c-ee8bb7148649"},"CameraPosition":{"X":250.359192,"Y":-69.2713547,"Z":77.90407},"CameraRotation":{"X":-0.321495,"Y":0.09091002,"Z":-0.0310257915,"W":-0.942026436},"ConstructionAmount":1.0,"ConstructionCompleted":true,"IsFurniture":true,"BaseId":null,"RotationMetadata":{"value":null},"Metadata":{"value":null},"BuildIndex":30},{"Id":"7ad9a903-b726-489f-8200-408a7ebf0941","ItemPosition":{"X":243.792191,"Y":-69.39578,"Z":72.48017},"Rotation":{"X":0.0,"Y":0.916974366,"Z":0.0,"W":0.398946166},"TechType":"SmallLocker","ParentId":{"value":"9c3d87a8-4f08-45af-b00c-ee8bb7148649"},"CameraPosition":{"X":244.419083,"Y":-68.98201,"Z":70.96666},"CameraRotation":{"X":-0.121014304,"Y":0.193594515,"Z":-0.02407058,"W":-0.973292053},"ConstructionAmount":1.0,"ConstructionCompleted":true,"IsFurniture":true,"BaseId":null,"RotationMetadata":{"value":null},"Metadata":{"value":{"$type":"NitroxModel.DataStructures.GameLogic.Buildings.Metadata.SignMetadata, NitroxModel","Text":"KOPPAR","ColorIndex":0,"ScaleIndex":0,"Elements":[],"Background":false}},"BuildIndex":31}]}